,cust_id,gender
0,3500,0.42523164504127436
1,3501,0.19898625064090006
2,3502,0.23894170248298907
3,3503,0.49061057584066725
4,3504,0.4976432484298973
5,3505,0.489186465635454
6,3506,0.15061079320995552
7,3507,0.49829685867998463
8,3508,0.4928670736567672
9,3509,0.36280691966482037
10,3510,0.35207468378886575
11,3511,0.4917876272701726
12,3512,0.49746586127120096
13,3513,0.45495677611141944
14,3514,0.49754446887298426
15,3515,0.45298507254297077
16,3516,0.17592774343347647
17,3517,0.43060337998571385
18,3518,0.43682444286385913
19,3519,0.47543464393826695
20,3520,0.48172979018961826
21,3521,0.4293062954301795
22,3522,0.4975183328123829
23,3523,0.07840020525935179
24,3524,0.4656818603773587
25,3525,0.49148508376125477
26,3526,0.47291194626160105
27,3527,0.4737097682397135
28,3528,0.4964301763304013
29,3529,0.49289753105577766
30,3530,0.26499254978995385
31,3531,0.4929347541325086
32,3532,0.37181540227289633
33,3533,0.47729393207191495
34,3534,0.499144568306128
35,3535,0.48898768788239677
36,3536,0.48458010541307156
37,3537,0.40379991355085626
38,3538,0.49340684675544777
39,3539,0.49890093913588635
40,3540,0.1601295309883856
41,3541,0.2481937035152522
42,3542,0.4696092119721358
43,3543,0.2700415780228472
44,3544,0.4829882787664518
45,3545,0.422439478339599
46,3546,0.39533483510747974
47,3547,0.10860715579641407
48,3548,0.49616207887886404
49,3549,0.463639643176026
50,3550,0.49393658294504306
51,3551,0.4969581577415292
52,3552,0.4467132950673965
53,3553,0.4899998960464372
54,3554,0.4327289211332784
55,3555,0.2511845885663486
56,3556,0.4998822499216939
57,3557,0.47653888081029483
58,3558,0.15220720872061824
59,3559,0.2500838709916971
60,3560,0.49907633113349076
61,3561,0.45699635574622444
62,3562,0.37586555915629905
63,3563,0.37250082966003506
64,3564,0.4874934974377163
65,3565,0.4857577311925988
66,3566,0.09817551176343206
67,3567,0.49861330923113895
68,3568,0.39174974502928817
69,3569,0.4777562024609005
70,3570,0.46931689349616906
71,3571,0.48946852908165145
72,3572,0.497338856522913
73,3573,0.4757727886677499
74,3574,0.48728517058093535
75,3575,0.4965511801856095
76,3576,0.49806868255358183
77,3577,0.20762088880959742
78,3578,0.3251527625860326
79,3579,0.24017327952987846
80,3580,0.4875483059823068
81,3581,0.4996477889757401
82,3582,0.49897811267843123
83,3583,0.4760392576848647
84,3584,0.48914107310825894
85,3585,0.4284825874835782
86,3586,0.04126145782646257
87,3587,0.3018850558086707
88,3588,0.36395965889974846
89,3589,0.48516335354415513
90,3590,0.43964382176291217
91,3591,0.27981462298005594
92,3592,0.496185732325968
93,3593,0.45841720821710363
94,3594,0.39317916057064073
95,3595,0.45388651547128867
96,3596,0.4714021080380393
97,3597,0.10888566371510247
98,3598,0.4717502057128469
99,3599,0.4988549571024031
100,3600,0.4913393156208029
101,3601,0.29684276341353005
102,3602,0.4543726672437481
103,3603,0.31549255789825403
104,3604,0.48557459028466743
105,3605,0.4886600517167927
106,3606,0.4608428949164554
107,3607,0.4465381608458239
108,3608,0.4091074342588127
109,3609,0.43498594358517595
110,3610,0.4862132818848122
111,3611,0.4975367563644786
112,3612,0.4968705065881137
113,3613,0.438326187489938
114,3614,0.4969657526413994
115,3615,0.29665252873184805
116,3616,0.49526755777649345
117,3617,0.4999717387956119
118,3618,0.4953374304773172
119,3619,0.236477990354151
120,3620,0.017996871130768338
121,3621,0.48601000656715676
122,3622,0.44689996168223667
123,3623,0.4965930571276803
124,3624,0.4181359986066441
125,3625,0.49738025132474933
126,3626,0.45048929638055696
127,3627,0.33592722396908603
128,3628,0.4733711359092225
129,3629,0.48139731326327334
130,3630,0.4192517713006601
131,3631,0.48565359173208683
132,3632,0.4086220528937207
133,3633,0.3822934819199809
134,3634,0.36515288938386675
135,3635,0.38481087476291415
136,3636,0.4550906382496549
137,3637,0.4306647265611761
138,3638,0.22440443445583488
139,3639,0.4922199699594054
140,3640,0.4970752398469009
141,3641,0.26072545491463134
142,3642,0.48104008963517475
143,3643,0.2833739015297288
144,3644,0.42292432319101336
145,3645,0.4298843446744493
146,3646,0.4308153445019464
147,3647,0.4963371395839448
148,3648,0.49926078703702115
149,3649,0.4923512154182392
150,3650,0.4542905401191872
151,3651,0.42129853399386935
152,3652,0.2868633692760157
153,3653,0.4206747360294698
154,3654,0.4911270892800137
155,3655,0.44409749056135805
156,3656,0.48879838203543413
157,3657,0.40364394564402234
158,3658,0.248033947760121
159,3659,0.2829121132699971
160,3660,0.42924482185396357
161,3661,0.48480616442313257
162,3662,0.17680329414751447
163,3663,0.49827207391069617
164,3664,0.4946395548369367
165,3665,0.464577194596552
166,3666,0.4999918686513977
167,3667,0.3891267442976221
168,3668,0.2825493607631355
169,3669,0.4965175239143496
170,3670,0.276812325091054
171,3671,0.49986999846286506
172,3672,0.43641460409964333
173,3673,0.4787505639739675
174,3674,0.4976631361361632
175,3675,0.47712398323304217
176,3676,0.47434945132381445
177,3677,0.4820909305273272
178,3678,0.3691555796686692
179,3679,0.4887990649962064
180,3680,0.26370663287513224
181,3681,0.4994234137240724
182,3682,0.4991505924851152
183,3683,0.2906735414590962
184,3684,0.47665870790484477
185,3685,0.3964954102621366
186,3686,0.47641886199769223
187,3687,0.33970913732044955
188,3688,0.38800335744861825
189,3689,0.4995095636693436
190,3690,0.44214816220793957
191,3691,0.20615464756724547
192,3692,0.10216465290917501
193,3693,0.34995944452213257
194,3694,0.13200237908655627
195,3695,0.4984442507656451
196,3696,0.48307042287904506
197,3697,0.4602357489757321
198,3698,0.43926565928986755
199,3699,0.47597863733698853
200,3700,0.39361238872557847
201,3701,0.2733412135938217
202,3702,0.3957233466325345
203,3703,0.49888308175034546
204,3704,0.4880640996048943
205,3705,0.48950691881620795
206,3706,0.4273650075209307
207,3707,0.36906903719001405
208,3708,0.17985170592841138
209,3709,0.43628335076918495
210,3710,0.48044577567251345
211,3711,0.4085433094952436
212,3712,0.49514152338497314
213,3713,0.10939870607561658
214,3714,0.4666697690299008
215,3715,0.21567768887562486
216,3716,0.4730377231240368
217,3717,0.455656093482187
218,3718,0.20508107440640222
219,3719,0.45251054360057197
220,3720,0.4773299672595638
221,3721,0.4995174415760496
222,3722,0.35287625242861453
223,3723,0.4484166866364832
224,3724,0.47275004961344214
225,3725,0.4770025022161792
226,3726,0.49937314727885584
227,3727,0.4886982871908934
228,3728,0.49729120534915455
229,3729,0.4993364366851296
230,3730,0.4872207658055085
231,3731,0.4890466086204756
232,3732,0.47908364136728504
233,3733,0.46717968313611963
234,3734,0.35993658526370564
235,3735,0.2157194615988575
236,3736,0.48478818477615504
237,3737,0.4831751314880687
238,3738,0.43724500642103986
239,3739,0.49956920333577465
240,3740,0.4932103126096606
241,3741,0.4949865648729119
242,3742,0.48811897360814394
243,3743,0.444127595462036
244,3744,0.33807549763904243
245,3745,0.454213517573256
246,3746,0.44783020977693605
247,3747,0.4721657804717567
248,3748,0.2606374090915716
249,3749,0.49387774175528415
250,3750,0.4782388387626492
251,3751,0.49755259475544494
252,3752,0.3428164911689343
253,3753,0.49997818453089693
254,3754,0.48204473552850025
255,3755,0.49969638534102123
256,3756,0.4943940397278074
257,3757,0.3886119922371205
258,3758,0.4862875172231175
259,3759,0.4232929980244092
260,3760,0.12501805573874988
261,3761,0.49523309915259767
262,3762,0.3599948962411902
263,3763,0.3063750658590348
264,3764,0.4935977150598088
265,3765,7.48830029284391e-05
266,3766,0.4994012683462975
267,3767,0.48657259196136504
268,3768,0.2974504023405254
269,3769,0.4885538465694613
270,3770,0.49789325398873774
271,3771,0.18003505233908665
272,3772,0.498014381061192
273,3773,0.4898179334457951
274,3774,0.4641569916626031
275,3775,0.49963039331636455
276,3776,0.477764304426059
277,3777,0.47082042815267083
278,3778,0.48723349223399465
279,3779,0.4131456087898843
280,3780,0.49319965514148856
281,3781,0.45610033434790237
282,3782,0.4970520491584368
283,3783,0.45603524818337027
284,3784,0.4961395728760255
285,3785,0.4999260786503513
286,3786,0.46940965622483904
287,3787,0.45964996168265476
288,3788,0.4904283546424263
289,3789,0.2536017477659346
290,3790,0.16719643247037697
291,3791,0.23201196061224147
292,3792,0.49953549743888104
293,3793,0.4944610659282132
294,3794,0.45773428083024265
295,3795,0.4997624767245303
296,3796,0.15422025159850128
297,3797,0.48755041364348706
298,3798,0.4968962926364646
299,3799,0.3683883846310489
300,3800,0.30654932600591783
301,3801,0.0916290015157321
302,3802,0.4641664200915237
303,3803,0.3455651403026657
304,3804,0.3115217921816626
305,3805,0.4964323770396927
306,3806,0.4958714415921504
307,3807,0.22601956626459968
308,3808,0.4985003397945598
309,3809,0.23921806777002133
310,3810,0.3740893859992101
311,3811,0.49949275597402293
312,3812,0.48747717625095505
313,3813,0.4993211943526989
314,3814,0.27119963697655974
315,3815,0.49989615200493354
316,3816,0.3596910306000396
317,3817,0.2877604809905631
318,3818,0.49414569661741525
319,3819,0.46636430410171376
320,3820,0.47305186683485767
321,3821,0.49985469324123916
322,3822,0.4533978018347903
323,3823,0.3541923482845151
324,3824,0.35956955061161433
325,3825,0.499868516695467
326,3826,0.44605894028399345
327,3827,0.4063888176152376
328,3828,0.3438530862830138
329,3829,0.42000998761081676
330,3830,0.4960970319891943
331,3831,0.3374114880584674
332,3832,0.3686033425824334
333,3833,0.3121599149139922
334,3834,0.4332893946985781
335,3835,0.2815475860061815
336,3836,0.13595179327215587
337,3837,0.32579705823528354
338,3838,0.4873990785750724
339,3839,0.49066540003049897
340,3840,0.4516808959815866
341,3841,0.42154514432745716
342,3842,0.3851608539722044
343,3843,0.2711951894353072
344,3844,0.4902526382413745
345,3845,0.18917268542376048
346,3846,0.37795268057000536
347,3847,0.3507389590076729
348,3848,0.47741996383570157
349,3849,0.49863949127651924
350,3850,0.40347111595345514
351,3851,0.28145098484970477
352,3852,0.41980561562739627
353,3853,0.4975778700206318
354,3854,0.48376287084196684
355,3855,0.32531425723147084
356,3856,0.44441900903128984
357,3857,0.39387307961472173
358,3858,0.44914892524914846
359,3859,0.4896976240239094
360,3860,0.4999482550550665
361,3861,0.3419910496740016
362,3862,0.47599156187339886
363,3863,0.3666859671611938
364,3864,0.49990538067243584
365,3865,0.4921926044430244
366,3866,0.4992504380708803
367,3867,0.49324622941743135
368,3868,0.49046764529433257
369,3869,0.4580572332475939
370,3870,0.3728879694890065
371,3871,0.48485738002166057
372,3872,0.49519485147243664
373,3873,0.4816415058578202
374,3874,0.47613545910548233
375,3875,0.3978548211536609
376,3876,0.48479896305062553
377,3877,0.1990943892411155
378,3878,0.4431165222094433
379,3879,0.49076502118403226
380,3880,0.4862592266036732
381,3881,0.3083998319219992
382,3882,0.45730028862526667
383,3883,0.4704915763105362
384,3884,0.206226636637286
385,3885,0.4985478271213039
386,3886,0.4998817258416323
387,3887,0.25561793276731154
388,3888,0.4406739703492181
389,3889,0.41251555586385774
390,3890,0.49939118981140457
391,3891,0.45597173084360454
392,3892,0.1988308254185491
393,3893,0.35597031620445896
394,3894,0.34129945155927044
395,3895,0.00953752963985167
396,3896,0.1732188174726923
397,3897,0.31572428657673024
398,3898,0.49409248060851463
399,3899,0.39034261049030844
400,3900,0.494092480608535
401,3901,0.3638523642100437
402,3902,0.44467173842474794
403,3903,0.4230579646438075
404,3904,0.4301134789517041
405,3905,0.4168614105948192
406,3906,0.4799986420022624
407,3907,0.03396495675453371
408,3908,0.4580041265095803
409,3909,0.49968787575497137
410,3910,0.4621319474528792
411,3911,0.14642850748938002
412,3912,0.4993347082411256
413,3913,0.49693041822967776
414,3914,0.392346443495991
415,3915,0.22307429197302314
416,3916,0.41980128771542324
417,3917,0.4992450372242205
418,3918,0.4895309953071853
419,3919,0.2771889211195253
420,3920,0.44791419586831555
421,3921,0.44222279731402353
422,3922,0.45716339186871585
423,3923,0.49998092829152124
424,3924,0.49611920705053214
425,3925,0.17049087637775745
426,3926,0.4177924733492411
427,3927,0.3333267036404911
428,3928,0.4990752764575832
429,3929,0.4956788063853632
430,3930,0.49591623646882077
431,3931,0.40057147715399194
432,3932,0.4979476630562159
433,3933,0.4988223254790244
434,3934,0.32462725486237404
435,3935,0.2902426807770829
436,3936,0.013645908227133852
437,3937,0.003924700753220732
438,3938,0.4842050735360158
439,3939,0.4744752826866143
440,3940,0.4990886582212669
441,3941,0.470918023471667
442,3942,0.20554177228840975
443,3943,0.4684631190679228
444,3944,0.1816264814009575
445,3945,0.48310300395691835
446,3946,0.49550904100142623
447,3947,0.13173537952276237
448,3948,0.3164772849708383
449,3949,0.4883840512753436
450,3950,0.3310254480508869
451,3951,0.48193166838261753
452,3952,0.4875421758684563
453,3953,0.42089717105996055
454,3954,0.4959112611738372
455,3955,0.48165477639211973
456,3956,0.4827358814259345
457,3957,0.38561426660483045
458,3958,0.49183580435198454
459,3959,0.40381487760421886
460,3960,0.49258918817846203
461,3961,0.44359437789172673
462,3962,0.4995082193915369
463,3963,0.36328921542169723
464,3964,0.48661163600809876
465,3965,0.49947316646567735
466,3966,0.16049270610231878
467,3967,0.3520636629896513
468,3968,0.49615616552032066
469,3969,0.3538641341433955
470,3970,0.3336154497143567
471,3971,0.0917557956650268
472,3972,0.4996677149102021
473,3973,0.4896524885874509
474,3974,0.42433462455287463
475,3975,0.49951790357506337
476,3976,0.47649016623573165
477,3977,0.4749063886223124
478,3978,0.49758471351254746
479,3979,0.4491740646900899
480,3980,0.4154863089489845
481,3981,0.3826611573284735
482,3982,0.45986769137752753
483,3983,0.48599565399157957
484,3984,0.40476497089461716
485,3985,0.20133830121972798
486,3986,0.22675206610874152
487,3987,0.01968956535169799
488,3988,0.3849034100707784
489,3989,0.4994028295334167
490,3990,0.30215006756584695
491,3991,0.497777850734556
492,3992,0.3290942029403654
493,3993,0.42608402587486893
494,3994,0.24024643232384962
495,3995,0.41086484984110905
496,3996,0.38574203882520647
497,3997,0.46192030518888366
498,3998,0.4971755267492396
499,3999,0.4837430353240682
500,4000,0.48183942345591363
501,4001,0.47778510932791485
502,4002,0.4023836480485755
503,4003,0.4347013151408849
504,4004,0.42318015946680626
505,4005,0.34746833234481356
506,4006,0.49980647391458216
507,4007,0.49579818393041136
508,4008,0.4907159615618815
509,4009,0.47616213900099547
510,4010,0.2452926052556261
511,4011,0.49342137949315457
512,4012,0.4775482697970704
513,4013,0.30965385385153016
514,4014,0.4475425028582462
515,4015,0.4104377205047382
516,4016,0.47062106888457544
517,4017,0.492214516012199
518,4018,0.4855167572857927
519,4019,0.4643727012875234
520,4020,0.27225162569893513
521,4021,0.48073589774506503
522,4022,0.48286025736130433
523,4023,0.4540079019987724
524,4024,0.48323167614294893
525,4025,0.494918706326287
526,4026,0.40921508350438807
527,4027,0.4976679051808458
528,4028,0.478182379850097
529,4029,0.24077272656075355
530,4030,0.13546837179626464
531,4031,0.4622853781086333
532,4032,0.45889857874481416
533,4033,0.49338442525247783
534,4034,0.4847155645533359
535,4035,0.4845575361553394
536,4036,0.39469686521419584
537,4037,0.38114311636033554
538,4038,0.11190835630106667
539,4039,0.30735695410677916
540,4040,0.471088193093018
541,4041,0.47146167350982804
542,4042,0.26423889861780187
543,4043,0.40834107042950574
544,4044,0.4536989431701089
545,4045,0.49967608088224963
546,4046,0.4285790085832011
547,4047,0.29961056614967985
548,4048,0.49303225130768075
549,4049,0.3017963752583788
550,4050,0.3297253285067531
551,4051,0.49182199583503383
552,4052,0.219641072365986
553,4053,0.30867466058676757
554,4054,0.48448409891754823
555,4055,0.4996030564987538
556,4056,0.4999174794988533
557,4057,0.46927175398463494
558,4058,0.49550163516973983
559,4059,0.49583462828537134
560,4060,0.424998296280983
561,4061,0.48166364052961735
562,4062,0.4909125488018396
563,4063,0.42045908680447375
564,4064,0.4979420412335281
565,4065,0.45648968485688823
566,4066,0.47123089952381536
567,4067,0.11514727892391902
568,4068,0.20310760431155375
569,4069,0.49045435861984416
570,4070,0.33606410725418673
571,4071,0.487072837009658
572,4072,0.3661484408246593
573,4073,0.23215149025061743
574,4074,0.42949894856621806
575,4075,0.4919944149302671
576,4076,0.38769505255532555
577,4077,0.40979709284125054
578,4078,0.4998605413073507
579,4079,0.4999097260854247
580,4080,0.4953616083296433
581,4081,0.22803435790207324
582,4082,0.4407191366826963
583,4083,0.4867650354603317
584,4084,0.49657095902914833
585,4085,0.479356262342347
586,4086,0.49617821642353754
587,4087,0.46487949870115763
588,4088,0.4679900506689291
589,4089,0.3292097300897815
590,4090,0.39810835583799586
591,4091,0.49976282359584434
592,4092,0.15885426654476908
593,4093,0.4958168714844086
594,4094,0.4654260724802494
595,4095,0.08152516447422183
596,4096,0.4884786972621699
597,4097,0.4949404279116617
598,4098,0.4319827136851043
599,4099,0.4994707449162008
600,4100,0.4998793848454517
601,4101,0.4915614038528049
602,4102,0.46236401556746426
603,4103,0.13548013300484205
604,4104,0.09747122024068486
605,4105,0.49942261219654915
606,4106,0.09958790792535117
607,4107,0.4570853293837135
608,4108,0.4190193424193289
609,4109,0.38569116490876004
610,4110,0.33895307084783344
611,4111,0.4963750895869391
612,4112,0.4716523375729062
613,4113,0.4915198430044656
614,4114,0.4846310956715252
615,4115,0.49706080490834853
616,4116,0.494247537242296
617,4117,0.4158299508647071
618,4118,0.3776083826370463
619,4119,0.34143915202230407
620,4120,0.2864802454080963
621,4121,0.49463352596723886
622,4122,0.47192516556954983
623,4123,0.46617455411599384
624,4124,0.4873326310906309
625,4125,0.4907282893722928
626,4126,0.17933351751198598
627,4127,0.43976421203584626
628,4128,0.2309088279395184
629,4129,0.4665448347403431
630,4130,0.4847047243171046
631,4131,0.4783905392082288
632,4132,0.4067356386647873
633,4133,0.3993355712743397
634,4134,0.4405906291679005
635,4135,0.4299803932862265
636,4136,0.4929453129995704
637,4137,0.44091292236529334
638,4138,0.4674651881360368
639,4139,0.47306964070922675
640,4140,0.4941776613846766
641,4141,0.18662143056736705
642,4142,0.38121560883676553
643,4143,0.28347752965111533
644,4144,0.4961890930928186
645,4145,0.4955342064964146
646,4146,0.4126777031580061
647,4147,0.49900448191585645
648,4148,0.48990776066498287
649,4149,0.49930586162876556
650,4150,0.4595057556202535
651,4151,0.498185911501875
652,4152,0.4578043307635495
653,4153,0.498764139099204
654,4154,0.45224517343415604
655,4155,0.4387478182924102
656,4156,0.07149035204083579
657,4157,0.4620807122326501
658,4158,0.4914783464522363
659,4159,0.34483721914734006
660,4160,0.49612193514680664
661,4161,0.400215760198074
662,4162,0.49912995499126034
663,4163,0.44583875371290854
664,4164,0.4989587932795221
665,4165,0.4876894586466045
666,4166,0.4709575137649687
667,4167,0.49991136830200006
668,4168,0.4996516744441249
669,4169,0.41843670509104
670,4170,0.400752790681787
671,4171,0.49851077759427426
672,4172,0.4843879011399033
673,4173,0.45924608636640435
674,4174,0.4964150780039224
675,4175,0.3260579968946925
676,4176,0.472857818037527
677,4177,0.31922969625992476
678,4178,0.3781551139698191
679,4179,0.2690101655441679
680,4180,0.39131657798453623
681,4181,0.1863106386233942
682,4182,0.48835721515175007
683,4183,0.43864191700657906
684,4184,0.25213074189313994
685,4185,0.3430075954602396
686,4186,0.160821296064635
687,4187,0.03215123586597252
688,4188,0.498733100466507
689,4189,0.49370194180077304
690,4190,0.11335109096678622
691,4191,0.1367802808110819
692,4192,0.4992134774828787
693,4193,0.4994701319602259
694,4194,0.40965382052858734
695,4195,0.49989725074013147
696,4196,0.4999260786499813
697,4197,0.4897152877344082
698,4198,0.45984174702660696
699,4199,0.42817288678886656
700,4200,0.47889765919640687
701,4201,0.49671902234821486
702,4202,0.25790605265873173
703,4203,0.4994870089504488
704,4204,0.49035311569812606
705,4205,0.1458800341346131
706,4206,0.473192281593359
707,4207,0.46593311368220564
708,4208,0.4643879694927962
709,4209,0.4933105078745218
710,4210,0.44184023616530427
711,4211,0.48202580235600073
712,4212,0.47891798965848353
713,4213,0.3745873827822481
714,4214,0.4599661177608039
715,4215,0.43342870260738986
716,4216,0.4353652304744365
717,4217,0.34010398685818993
718,4218,0.4781036873089738
719,4219,0.4980480053769303
720,4220,0.499756059563877
721,4221,0.3593213056732325
722,4222,0.49097074213963465
723,4223,0.15382746732616728
724,4224,0.4079662892992287
725,4225,0.36395293320607286
726,4226,0.4977471488647054
727,4227,0.49512134572487937
728,4228,0.48059566496317874
729,4229,0.42532069977638876
730,4230,0.4972717339587857
731,4231,0.45806683911956336
732,4232,0.4851585459932694
733,4233,0.11511483874285851
734,4234,0.22013411821653417
735,4235,0.49958295883830234
736,4236,0.45383539590945965
737,4237,0.4795411290429911
738,4238,0.4999321367325434
739,4239,0.48792443512127615
740,4240,0.3790109639647796
741,4241,0.021460408673200135
742,4242,0.28407418792231676
743,4243,0.32083125532665463
744,4244,0.46002514626166285
745,4245,0.4641145619769704
746,4246,0.49268418128126623
747,4247,0.4894049415801745
748,4248,0.3463769984772565
749,4249,0.49912004115608377
750,4250,0.3980114912340042
751,4251,0.4958711862282793
752,4252,0.21907141597451069
753,4253,0.4688068792277104
754,4254,0.45628968063000336
755,4255,0.36223247069332326
756,4256,0.17904328194913988
757,4257,0.4980794046715621
758,4258,0.4976524022420035
759,4259,0.4789448739724724
760,4260,0.4807280824611224
761,4261,0.05062094799656078
762,4262,0.45019986026136893
763,4263,0.46449397588732727
764,4264,0.49003459929978044
765,4265,0.1972954791433428
766,4266,0.48478955398212586
767,4267,0.2621078332302636
768,4268,0.03732522672150583
769,4269,0.46744673494504657
770,4270,0.4613516962070841
771,4271,0.455648384580085
772,4272,0.14745883505349386
773,4273,0.470718024748984
774,4274,0.4985260005161208
775,4275,0.4909197380020368
776,4276,0.49920165009667294
777,4277,0.4755927376013428
778,4278,0.4370071774665077
779,4279,0.46261731228002484
780,4280,0.49803681253223975
781,4281,0.4572929839336662
782,4282,0.17768357550876906
783,4283,0.49688155033829295
784,4284,0.49922382644681235
785,4285,0.499708992729898
786,4286,0.4794435352486889
787,4287,0.49794152117336
788,4288,0.4377201603106548
789,4289,0.4923727595071747
790,4290,0.38245387222958543
791,4291,0.41065075746504137
792,4292,0.45703403804164977
793,4293,0.4945724080255399
794,4294,1.4744446575486077e-06
795,4295,0.3719238117784618
796,4296,0.4931284583776338
797,4297,0.46918269573211746
798,4298,0.46596125332266913
799,4299,0.49790769122107975
800,4300,0.03146182312718646
801,4301,0.4008344579346321
802,4302,0.18390331944719263
803,4303,0.14068863810761736
804,4304,0.45917207704783525
805,4305,0.4995686434552941
806,4306,0.48996389464243034
807,4307,0.15030496160240314
808,4308,0.43065314465122984
809,4309,0.33384068998335825
810,4310,0.35273060888989377
811,4311,0.4619189864017631
812,4312,0.42895534583544137
813,4313,0.4967287652340428
814,4314,0.41796871784299433
815,4315,0.49720580205345755
816,4316,0.4797736622265454
817,4317,0.49155707824801465
818,4318,0.1604120317664397
819,4319,0.4942865685305265
820,4320,0.4599703097445718
821,4321,0.4028672869966931
822,4322,0.43403454988083745
823,4323,0.4103698324401237
824,4324,0.47216231520139595
825,4325,0.4643756577683094
826,4326,0.46002950081674016
827,4327,0.4983146020768949
828,4328,0.4460230966783686
829,4329,0.41496265826409534
830,4330,0.4062829040597979
831,4331,0.4832858115189733
832,4332,0.49962336212246194
833,4333,0.4969165819957177
834,4334,0.2835541259115177
835,4335,0.1673848747446887
836,4336,0.4974807817056381
837,4337,0.4559309711757563
838,4338,0.49694412943562927
839,4339,0.341686619086068
840,4340,0.23911923492851941
841,4341,0.49847692921259673
842,4342,0.49186041797005037
843,4343,0.14560527854272995
844,4344,0.4547761085035409
845,4345,0.3296110064751832
846,4346,0.2138942633972325
847,4347,0.4577697816119685
848,4348,0.44281763684100195
849,4349,0.4999481021520567
850,4350,0.11115712784199748
851,4351,0.24790882501922615
852,4352,0.4984226248898263
853,4353,0.4869370034032674
854,4354,0.4688775004812074
855,4355,0.40387261410899383
856,4356,0.4990883075180696
857,4357,0.4846521732498271
858,4358,0.49448823127198316
859,4359,0.4986769493237764
860,4360,0.4996490504387747
861,4361,0.4986267282046771
862,4362,0.43877581217599143
863,4363,0.41831429174280726
864,4364,0.3847800773855323
865,4365,0.4768549300666494
866,4366,0.41845218389693295
867,4367,0.3429104698734659
868,4368,0.1837106474734732
869,4369,0.48676359324969026
870,4370,0.346915823246392
871,4371,0.4712362607550631
872,4372,0.4962858917048569
873,4373,0.4994885170185607
874,4374,0.49806618441876266
875,4375,0.4957396912075817
876,4376,0.37397219437258156
877,4377,0.4723080887478464
878,4378,0.4253832464837868
879,4379,0.4855262438149664
880,4380,0.44540557279686205
881,4381,0.2483027850825347
882,4382,0.2050031599189371
883,4383,0.4981519746619234
884,4384,0.4723964060446421
885,4385,0.4892041846219515
886,4386,0.4353030698994691
887,4387,0.4991906334719582
888,4388,0.49979820693254207
889,4389,0.49954419304860687
890,4390,0.1818777722450172
891,4391,0.4198420665662732
892,4392,0.49528057107733514
893,4393,0.25882421712252895
894,4394,0.40657246703255817
895,4395,0.4479557468570511
896,4396,0.3893479257283382
897,4397,0.4598401875923941
898,4398,0.49962336212244174
899,4399,0.3665403617498838
900,4400,0.42543168991345826
901,4401,0.4745053079062023
902,4402,0.4841122601493543
903,4403,0.36356094456732474
904,4404,0.4014904829831173
905,4405,0.49664256467906
906,4406,0.49070515075717996
907,4407,0.41125523259023844
908,4408,0.39417044583090377
909,4409,0.4159317633187049
910,4410,0.4998566822168528
911,4411,0.3597728943581676
912,4412,0.2961094545140317
913,4413,0.08170144295270862
914,4414,0.496452052311378
915,4415,0.37303855202860187
916,4416,0.4918231310570781
917,4417,0.4478081882705436
918,4418,0.17021166329479695
919,4419,0.43416763747043546
920,4420,0.30181697040560235
921,4421,0.20282458219789867
922,4422,0.49971891657929773
923,4423,0.4971614506507973
924,4424,0.49977527911063707
925,4425,0.4586651591840488
926,4426,0.37932159919731606
927,4427,0.4291119483592448
928,4428,0.4919364963759717
929,4429,0.4949336040680501
930,4430,0.4986692531724906
931,4431,0.4852512006699075
932,4432,0.49800413414689343
933,4433,0.41201085356347616
934,4434,0.48101891119142354
935,4435,0.48999541998395657
936,4436,0.06911677023008854
937,4437,0.4000452447425763
938,4438,0.4781302675808818
939,4439,0.4992152340884155
940,4440,0.2026566008329715
941,4441,0.13499293459578865
942,4442,0.4154911757610736
943,4443,0.3206848978772541
944,4444,0.4962788779864984
945,4445,0.4995417956335731
946,4446,0.44614282584554527
947,4447,0.49391007594751213
948,4448,0.49398515044002206
949,4449,0.37192635714625494
950,4450,0.22697038070993703
951,4451,0.49416809219391067
952,4452,0.499233153239337
953,4453,0.1141795104620005
954,4454,0.4999622049578082
955,4455,0.35828850123770034
956,4456,0.39868524878960937
957,4457,0.31950268600967074
958,4458,0.2838783987314586
959,4459,0.3262397701835072
960,4460,0.48436350736381256
961,4461,0.4028010460155117
962,4462,0.4932567010590024
963,4463,0.49893553416578534
964,4464,0.14206313117675112
965,4465,0.41650048280866886
966,4466,0.49675280940462757
967,4467,0.29426318153664033
968,4468,0.4587847834118871
969,4469,0.46411767887423866
970,4470,0.15107917762208847
971,4471,0.46874701445972583
972,4472,0.48309535692934547
973,4473,0.4969870623044074
974,4474,0.3994017661999623
975,4475,0.4990024288810576
976,4476,0.33937756451764384
977,4477,0.327769748228498
978,4478,0.499952098965133
979,4479,0.4277560066379579
980,4480,0.44770757967537606
981,4481,0.30783329615385063
982,4482,0.4838818995140394
983,4483,0.15940828394969697
984,4484,0.4997117067659099
985,4485,0.3829958118906654
986,4486,0.36063425366490026
987,4487,0.38800884825357246
988,4488,0.41497167218718567
989,4489,0.4477659352369421
990,4490,0.3273296359662996
991,4491,0.4152760943264825
992,4492,0.4991146082617617
993,4493,0.48838537718007313
994,4494,0.12867106648858567
995,4495,0.19679751489953043
996,4496,0.44502685977262724
997,4497,0.494862646960871
998,4498,0.4759687720293057
999,4499,0.46754087934783395
1000,4500,0.4998523973978499
1001,4501,0.38431537182424763
1002,4502,0.2339252668719779
1003,4503,0.4359076664842984
1004,4504,0.4080463550544672
1005,4505,0.49951211924346806
1006,4506,0.4549114874206416
1007,4507,0.18382670244386062
1008,4508,0.4107006015608553
1009,4509,0.45317402842433385
1010,4510,0.2587643290587853
1011,4511,0.48921843188092845
1012,4512,0.47783812513057533
1013,4513,0.47105401983423395
1014,4514,0.4934411145478073
1015,4515,0.4764365569524587
1016,4516,0.3026135428583388
1017,4517,0.47356717764661715
1018,4518,0.48729046925681624
1019,4519,0.49630401396687956
1020,4520,0.49967474610480905
1021,4521,0.4718445502871742
1022,4522,0.22293075814813315
1023,4523,0.09461347780057766
1024,4524,0.4999049128697918
1025,4525,0.49938064166670093
1026,4526,0.4897193412338423
1027,4527,0.3920537432456201
1028,4528,0.4985749062662395
1029,4529,0.4503404881697103
1030,4530,0.49628478131896314
1031,4531,0.4889450533813622
1032,4532,0.4994937133058506
1033,4533,0.49925403232448307
1034,4534,0.4960137456087847
1035,4535,0.3774207641353274
1036,4536,0.4853677518952106
1037,4537,0.453979714042997
1038,4538,0.448991919600686
1039,4539,0.4994412073380567
1040,4540,0.465504957363006
1041,4541,0.45995031992162044
1042,4542,0.4955859697212752
1043,4543,0.42933889356881283
1044,4544,0.41291200624011604
1045,4545,0.48995211443414816
1046,4546,0.41057000380288794
1047,4547,0.32168175676299104
1048,4548,0.4220147674401689
1049,4549,0.48324382721405074
1050,4550,0.45729736707258334
1051,4551,0.49785097174237014
1052,4552,0.41892388081511867
1053,4553,0.4885674167659974
1054,4554,0.4995341433451061
1055,4555,0.21756254041618947
1056,4556,0.4961746447703892
1057,4557,0.47758494658227024
1058,4558,0.48106878336607467
1059,4559,0.39006023395028366
1060,4560,0.4757632849490249
1061,4561,0.11061905939200581
1062,4562,0.47892131711903435
1063,4563,0.4994866689128204
1064,4564,0.3872932735211704
1065,4565,0.49578953942494264
1066,4566,0.47624299610932375
1067,4567,0.499907565049774
1068,4568,0.4939212301984252
1069,4569,0.48016657784078853
1070,4570,0.40992777823403015
1071,4571,0.4855198346595549
1072,4572,0.08047891392741113
1073,4573,0.42826214972550264
1074,4574,0.49774290205086824
1075,4575,0.4985276006582564
1076,4576,0.45868955817148416
1077,4577,0.4978610986038223
1078,4578,0.47483626169472726
1079,4579,0.00399920107345531
1080,4580,0.4433054848568378
1081,4581,0.49491043075290936
1082,4582,0.19947850999152988
1083,4583,0.4849224144811527
1084,4584,0.43203285167337163
1085,4585,0.4991947146556404
1086,4586,0.48018708117855574
1087,4587,0.4875121453855906
1088,4588,0.4921422295878164
1089,4589,0.1268102235293777
1090,4590,0.492164485241914
1091,4591,0.45054274165345304
1092,4592,0.47056973585921574
1093,4593,0.4968563885393185
1094,4594,0.25345622697693315
1095,4595,0.3692093392625363
1096,4596,0.46836098761338885
1097,4597,0.4988911815654959
1098,4598,0.49370727872660225
1099,4599,0.486978799702945
1100,4600,0.48878702010099373
1101,4601,0.4881114858339254
1102,4602,0.33152421398698684
1103,4603,0.41355523136431777
1104,4604,0.4995926945116135
1105,4605,0.48591096412986845
1106,4606,0.44557376461919346
1107,4607,0.39136027935906137
1108,4608,0.3442305055216158
1109,4609,0.49586801833539207
1110,4610,0.2689254240692663
1111,4611,0.4772497977344329
1112,4612,0.4915770202779606
1113,4613,0.48879756573673183
1114,4614,0.384952242012959
1115,4615,0.48371955826802515
1116,4616,0.08483271187486414
1117,4617,0.46780528319308184
1118,4618,0.2695276420460042
1119,4619,0.4907357859384766
1120,4620,0.49438930864831016
1121,4621,0.49706178781855026
1122,4622,0.4952322174318672
1123,4623,0.48834616363012345
1124,4624,0.4110834335167843
1125,4625,0.4830784756326324
1126,4626,0.4985953223969
1127,4627,0.48324173285162103
1128,4628,0.4879499194301343
1129,4629,0.48240428244929784
1130,4630,0.3700346861626902
1131,4631,0.4831560105653943
1132,4632,0.42390288592318887
1133,4633,0.23543602708576267
1134,4634,0.4042360451475213
1135,4635,0.41846046234722095
1136,4636,0.49961722156561095
1137,4637,0.4780742467137036
1138,4638,0.39176457446074514
1139,4639,0.2960203183529327
1140,4640,0.3670831893629476
1141,4641,0.4967702269603877
1142,4642,0.2721809513508475
1143,4643,0.2262300937890979
1144,4644,0.4247758471434277
1145,4645,0.4996267520988892
1146,4646,0.41740574398304287
1147,4647,0.4983066173350216
1148,4648,0.4990401467780866
1149,4649,0.49157685810045704
1150,4650,0.44924033631707
1151,4651,0.2905322644622401
1152,4652,0.4503805696474809
1153,4653,0.3595299011775124
1154,4654,0.486766747437409
1155,4655,0.4895040990185975
1156,4656,0.4779950290389868
1157,4657,0.4222300934705294
1158,4658,0.4256534075508016
1159,4659,0.49840242537385937
1160,4660,0.22805886449714124
1161,4661,0.4990599008369635
1162,4662,0.41545114295314967
1163,4663,0.48951848689422506
1164,4664,0.41830267492300155
1165,4665,0.47232024110127047
1166,4666,0.353764516717501
1167,4667,0.20676089597517716
1168,4668,0.3670575376998877
1169,4669,0.4711732648014357
1170,4670,0.4743992894285516
1171,4671,0.28840534128185313
1172,4672,0.42880755581894253
1173,4673,0.4474904564145664
1174,4674,0.4613466883013278
1175,4675,0.49813719059515604
1176,4676,0.4453547772377197
1177,4677,0.477482871476653
1178,4678,0.4207964075408776
1179,4679,0.49571266677237685
1180,4680,0.32474223088527226
1181,4681,0.4714837172924741
1182,4682,0.15282955874205828
1183,4683,0.3739293364379881
1184,4684,0.4966116278687232
1185,4685,0.18707656290286423
1186,4686,0.3984159898110688
1187,4687,0.024901775503494542
1188,4688,0.4651001364826575
1189,4689,0.2190947297200415
1190,4690,0.15502334790132216
1191,4691,0.49290141234927415
1192,4692,0.36279310010344484
1193,4693,0.1599314282745913
1194,4694,0.3894956913253531
1195,4695,0.36454698805754515
1196,4696,0.19659258467879379
1197,4697,0.4009855958960118
1198,4698,0.49980336921826535
1199,4699,0.35764460450636304
1200,4700,0.3375200533515883
1201,4701,0.4923122743065205
1202,4702,0.2858165958680079
1203,4703,0.33446881101165254
1204,4704,0.49988612644438235
1205,4705,0.4894101328523759
1206,4706,0.45371714751391173
1207,4707,0.49878296129510913
1208,4708,0.3495934207821464
1209,4709,0.4940518394865712
1210,4710,0.3358231442455478
1211,4711,0.47601406568895854
1212,4712,0.49783013190131753
1213,4713,0.4627234803136638
1214,4714,0.49926965757990943
1215,4715,0.45025127540694626
1216,4716,0.4667817391496782
1217,4717,0.4384820591108718
1218,4718,0.4982258950417489
1219,4719,0.49396822630767795
1220,4720,0.4988952665051396
1221,4721,0.4921936254336896
1222,4722,0.07452087493473607
1223,4723,0.4583840614861161
1224,4724,0.48292177704967604
1225,4725,0.49685365971482665
1226,4726,0.4934805064275398
1227,4727,0.12586924993834708
1228,4728,0.3168258829032582
1229,4729,0.42438143317374494
1230,4730,0.4977692964091626
1231,4731,0.49905622661314886
1232,4732,0.4999120162550532
1233,4733,0.3734447381707538
1234,4734,0.4869738545835293
1235,4735,0.3421654919992129
1236,4736,0.4445970731992873
1237,4737,0.49307858081142364
1238,4738,0.45013117035269273
1239,4739,0.4957836261366719
1240,4740,0.3799879688291595
1241,4741,0.48964139152673775
1242,4742,0.4170934727883863
1243,4743,0.49456826099179046
1244,4744,0.3869437976150631
1245,4745,0.4971992915874682
1246,4746,0.47283095012213355
1247,4747,0.45338664646414695
1248,4748,0.49922752250552827
1249,4749,0.32469903636253705
1250,4750,0.48180670638401757
1251,4751,0.28119239190013734
1252,4752,0.49625069729984905
1253,4753,0.38409043847007285
1254,4754,0.44593415990306107
1255,4755,0.4929898676596762
1256,4756,0.48573474221506985
1257,4757,0.011505175623761747
1258,4758,0.4759940325182824
1259,4759,0.4684840966324538
1260,4760,0.3049646035844428
1261,4761,0.49860474362238816
1262,4762,0.4875500001307745
1263,4763,0.0034484573459675036
1264,4764,0.4650326299267084
1265,4765,0.41376599006977927
1266,4766,0.49409248060857547
1267,4767,0.4992500083444476
1268,4768,0.4105434443665956
1269,4769,0.4781962841929104
1270,4770,0.48006174135863566
1271,4771,0.49619225712517157
1272,4772,0.47952746659689377
1273,4773,0.47298438249872343
1274,4774,0.37192107889754594
1275,4775,0.4966262807808697
1276,4776,0.2061195263448864
1277,4777,0.47922159390712726
1278,4778,0.4926560881795145
1279,4779,0.3290972783703181
1280,4780,0.4630928474553942
1281,4781,0.49908785855068943
1282,4782,0.2673289635247203
1283,4783,0.32063343297976715
1284,4784,0.196509048493397
1285,4785,0.3871028275664117
1286,4786,0.4826937260821752
1287,4787,0.4722065464052651
1288,4788,0.47487455379611276
1289,4789,0.4965996703161541
1290,4790,0.4998226497064268
1291,4791,0.3939103559329795
1292,4792,0.49525766827822465
1293,4793,0.4939484969350484
1294,4794,0.48706664939651434
1295,4795,0.0008665236912787625
1296,4796,0.4471046438186427
1297,4797,0.483743035324058
1298,4798,0.4001558143774981
1299,4799,0.1776414141610725
1300,4800,0.49928285559164903
1301,4801,0.499512119243324
1302,4802,0.4380012597254548
1303,4803,0.30917149118164394
1304,4804,0.47468184036436345
1305,4805,0.4873882379329907
1306,4806,0.4625450654140947
1307,4807,0.47028172622203074
1308,4808,0.28784374425443654
1309,4809,0.09007632911691908
1310,4810,0.4970119098893722
1311,4811,0.44356227199869686
1312,4812,0.4800651347091065
1313,4813,0.4307728252712855
1314,4814,0.2745280446745856
1315,4815,0.4993256614718839
1316,4816,0.38020981045357455
1317,4817,0.49767149430460644
1318,4818,0.4984557611892296
1319,4819,0.46583321522072496
1320,4820,0.4460496878869431
1321,4821,0.455138255213005
1322,4822,0.4253988154367844
1323,4823,0.3892670488844573
1324,4824,0.4886401074671996
1325,4825,0.35670557783660223
1326,4826,0.26887228415915554
1327,4827,0.24887465355398689
1328,4828,0.12325255748970515
1329,4829,0.49287534609864486
1330,4830,0.46725374493300503
1331,4831,0.29946450460566976
1332,4832,0.4039606601123742
1333,4833,0.4914365556887489
1334,4834,0.4929018224658234
1335,4835,0.4993026807856732
1336,4836,0.49111877177048047
1337,4837,0.4768913269482732
1338,4838,0.4965996703162042
1339,4839,0.4463507487923886
1340,4840,0.49182207117686155
1341,4841,0.4950916864645334
1342,4842,0.4257366288284247
1343,4843,0.4808589724182197
1344,4844,0.49889118156559326
1345,4845,0.49669158697061233
1346,4846,0.4543563145794807
1347,4847,0.4966107619699068
1348,4848,0.49935684469291614
1349,4849,0.45562544749760114
1350,4850,0.49990145305700456
1351,4851,0.4586595385510457
1352,4852,0.4799545603769569
1353,4853,0.48454930403509405
1354,4854,0.4959950269053269
1355,4855,0.45560991498154113
1356,4856,0.44244334794927176
1357,4857,0.23683855322214853
1358,4858,0.4951998067184865
1359,4859,0.46687780377478394
1360,4860,0.4993169671491568
1361,4861,0.494931196246284
1362,4862,0.49582259472721746
1363,4863,0.4524911345139954
1364,4864,0.4999121814367333
1365,4865,0.3008124765739974
1366,4866,0.44395474052785316
1367,4867,0.0883618563707465
1368,4868,0.15889758576572013
1369,4869,0.49053558793114066
1370,4870,0.2563481727850571
1371,4871,0.4927641866814249
1372,4872,0.43841002171373883
1373,4873,0.4530559888587258
1374,4874,0.4794501256391595
1375,4875,0.49390867465743743
1376,4876,0.4876619430641326
1377,4877,0.4957934029486081
1378,4878,0.4996125735022471
1379,4879,0.48804319401658086
1380,4880,0.41420383939359745
1381,4881,0.4919952983769644
1382,4882,0.4997433485799688
1383,4883,0.4969688477614351
1384,4884,0.49894900590905045
1385,4885,0.3721872942731408
1386,4886,0.4811416604428398
1387,4887,0.3879899271413907
1388,4888,0.4590310210656437
1389,4889,0.23139101869022985
1390,4890,0.49766360552175876
1391,4891,0.11554082773705643
1392,4892,0.48864981703445864
1393,4893,0.49833664741040684
1394,4894,0.4816280909594147
1395,4895,0.48831186810185523
1396,4896,0.4979539434670931
1397,4897,0.49183223139044174
1398,4898,0.3227105232763359
1399,4899,0.19708499880075783
1400,4900,0.4419315800109495
1401,4901,0.49374877840720177
1402,4902,0.49882539585255353
1403,4903,0.2425277440781677
1404,4904,0.4826714747908938
1405,4905,0.4825175236195624
1406,4906,0.4995615569790803
1407,4907,0.4523798090251424
1408,4908,0.043147467950438355
1409,4909,0.4781800618399684
1410,4910,0.2276450371497993
1411,4911,0.49971070224616126
1412,4912,0.49954904803900463
1413,4913,0.4965540183021624
1414,4914,0.4940446613852491
1415,4915,0.32063127605228586
1416,4916,0.37172408169085963
1417,4917,0.3345352533258553
1418,4918,0.48732009030493045
1419,4919,0.4960083787814823
1420,4920,0.49897811267861664
1421,4921,0.4989865711696646
1422,4922,0.49227334447213167
1423,4923,0.19990932656203086
1424,4924,0.23185644176812117
1425,4925,0.44459263069808885
1426,4926,0.4976103946616493
1427,4927,0.4386659495474167
1428,4928,0.09518843873559675
1429,4929,0.19507647626956973
1430,4930,0.4841831854800176
1431,4931,0.4436335009878335
1432,4932,0.428404097973336
1433,4933,0.3558144910924832
1434,4934,0.4936925712542824
1435,4935,0.4483787131540682
1436,4936,0.32498278739304276
1437,4937,0.33409941470362786
1438,4938,0.43829756013913085
1439,4939,0.4596882867754704
1440,4940,0.49626296582748447
1441,4941,0.4914077246880611
1442,4942,0.3237699789185954
1443,4943,0.49416436966183597
1444,4944,0.44456717355853625
1445,4945,0.49888308833242573
1446,4946,0.4973029729839913
1447,4947,0.36189480020748027
1448,4948,0.486367937746349
1449,4949,0.11526932200649449
1450,4950,0.4991750384811242
1451,4951,0.4925187201737319
1452,4952,0.17821861477010725
1453,4953,0.26450242713464955
1454,4954,0.4867422482609527
1455,4955,0.4943557567816257
1456,4956,0.4970062210971807
1457,4957,0.45527958053764345
1458,4958,0.49714371010190683
1459,4959,0.4933474710841613
1460,4960,0.14123792774760885
1461,4961,0.4792661800829556
1462,4962,0.30883943953393
1463,4963,0.49976924448988924
1464,4964,0.4684371383647699
1465,4965,0.4997255019931587
1466,4966,0.4978057173722711
1467,4967,0.49958130836704795
1468,4968,0.4789019087876065
1469,4969,0.49599744624574965
1470,4970,0.30927987158960285
1471,4971,0.4630071166041669
1472,4972,0.4826486237503243
1473,4973,0.49872548063467603
1474,4974,0.49985213968116304
1475,4975,0.47900836064430197
1476,4976,0.238209941310576
1477,4977,0.16542687247626173
1478,4978,0.41842240468763275
1479,4979,0.49497796215674705
1480,4980,0.37759730960313065
1481,4981,0.2099967123926121
1482,4982,0.4232489686890527
1483,4983,0.4911303685309014
1484,4984,0.49950157245706867
1485,4985,0.47110958539626596
1486,4986,0.4840839269131282
1487,4987,0.4970919654610482
1488,4988,0.38346484289180977
1489,4989,0.49462839360888017
1490,4990,0.48279535505321053
1491,4991,0.4716179163799326
1492,4992,0.49497263469216274
1493,4993,0.21861584723499983
1494,4994,0.49952012781316024
1495,4995,0.4935199005782894
1496,4996,0.4337794023541745
1497,4997,0.4998344161815181
1498,4998,0.47898389947169523
1499,4999,0.4797861419309069
1500,5000,0.4816905423358838
1501,5001,0.49872253243571263
1502,5002,0.3710945911615672
1503,5003,0.2728366941450961
1504,5004,0.48245840626257364
1505,5005,0.15772193315404584
1506,5006,0.4969537587845446
1507,5007,0.4985726117110142
1508,5008,0.48531537231824357
1509,5009,0.4845815780491064
1510,5010,0.4969509214709873
1511,5011,0.4913065629733662
1512,5012,0.42031184111812037
1513,5013,0.4997264910316982
1514,5014,0.37207231198642543
1515,5015,0.1439022175953153
1516,5016,0.4994298942369346
1517,5017,0.4373515976605369
1518,5018,0.1339683289177289
1519,5019,0.46240314478557726
1520,5020,0.4975279488266712
1521,5021,0.21861355493858675
1522,5022,0.4951226932726122
1523,5023,0.49619853011492665
1524,5024,0.46344247087864654
1525,5025,0.4978825336629363
1526,5026,0.49870637925904165
1527,5027,0.47343975820103396
1528,5028,0.2752179367288507
1529,5029,0.4988616554593497
1530,5030,0.4723034387169256
1531,5031,0.3030099084137905
1532,5032,0.499825591410065
1533,5033,0.4425119544120709
1534,5034,0.49893553416581304
1535,5035,0.4480002840760383
1536,5036,0.48735561470640454
1537,5037,0.4912410675916768
1538,5038,0.4000252758248956
1539,5039,0.47297920221023937
1540,5040,0.4662320901070807
1541,5041,0.4080739654652871
1542,5042,0.17995420952345315
1543,5043,0.35755746188360704
1544,5044,0.4998107613523493
1545,5045,0.47704171007869495
1546,5046,0.2883049211335473
1547,5047,0.1897251898690418
1548,5048,0.4693526436081098
1549,5049,0.49605880153779064
1550,5050,0.47402605916959967
1551,5051,0.424172387992636
1552,5052,0.45767759594928953
1553,5053,0.49385405972874613
1554,5054,0.4960162720094615
1555,5055,0.49971614204590725
1556,5056,0.46687835755393337
1557,5057,0.49469370251408346
1558,5058,0.4698114057597025
1559,5059,0.48859296463405083
1560,5060,0.479055560404775
1561,5061,0.3445094784104225
1562,5062,0.23442500327666002
1563,5063,0.4957895394253334
1564,5064,0.46173220642258817
1565,5065,0.3291225577997481
1566,5066,0.4393975304061322
1567,5067,0.33861484261901054
1568,5068,0.2566352858024222
1569,5069,0.4042394278519641
1570,5070,0.37931037518801375
1571,5071,0.49998891179724053
1572,5072,0.008799085731064112
1573,5073,0.49448274052809943
1574,5074,0.34535133041087324
1575,5075,0.3708490447276816
1576,5076,0.49974690963118845
1577,5077,0.4818878982140989
1578,5078,0.37754608744514945
1579,5079,0.49949073187536197
1580,5080,0.2987331735884962
1581,5081,0.4906210110185979
1582,5082,0.35410971331308927
1583,5083,0.3821808123221661
1584,5084,0.49676754392708067
1585,5085,0.48711268346840847
1586,5086,0.47467967017008694
1587,5087,0.38698363696810706
1588,5088,0.49433957881361273
1589,5089,0.48988079056136274
1590,5090,0.4455388241729179
1591,5091,0.49771245309608314
1592,5092,0.47603945239146356
1593,5093,0.42822111325551127
1594,5094,0.4472074864534436
1595,5095,0.48939975872777475
1596,5096,0.3795750832333262
1597,5097,0.4848068242057906
1598,5098,0.4872153935361554
1599,5099,0.29523472832932224
1600,5100,0.4697297847515937
1601,5101,0.08178260370672474
1602,5102,0.4038744462479658
1603,5103,0.22828280519647104
1604,5104,0.4698010016600626
1605,5105,0.3859804551868836
1606,5106,0.4997232384933246
1607,5107,0.4999313253316145
1608,5108,0.4810696866225335
1609,5109,0.49998373730291684
1610,5110,0.4977226105939596
1611,5111,0.49472863271042256
1612,5112,0.4483567252208238
1613,5113,0.4660982697184183
1614,5114,0.4197967045492855
1615,5115,0.4976998060344864
1616,5116,0.38123083928571094
1617,5117,0.18221472430115493
1618,5118,0.41063746526601635
1619,5119,0.04380987005322078
1620,5120,0.4958014664930614
1621,5121,0.4547771481204009
1622,5122,0.44617080442421825
1623,5123,0.4975635920367539
1624,5124,0.49870785767615894
1625,5125,0.07386337746317057
1626,5126,0.2911201475253808
1627,5127,0.47934910685627513
1628,5128,0.4994411548255434
1629,5129,0.3307172836911778
1630,5130,0.45535178377566216
1631,5131,0.43623628672486714
1632,5132,0.37060611778486047
1633,5133,0.4832353193994939
1634,5134,0.48889768623183943
1635,5135,0.21817969205896479
1636,5136,0.02499783305029725
1637,5137,0.49368029616407777
1638,5138,0.47326475884451025
1639,5139,0.48625533549271877
1640,5140,0.49020855238589345
1641,5141,0.4609125327025447
1642,5142,0.498635493360174
1643,5143,0.4304659704157929
1644,5144,0.4708902034018716
1645,5145,0.4274946681581424
1646,5146,0.4497878977095143
1647,5147,0.49030264779820554
1648,5148,0.49996403119443605
1649,5149,0.496251720607325
1650,5150,0.41358422436684283
1651,5151,0.49821755733556244
1652,5152,0.49474318527438377
1653,5153,0.454541980287092
1654,5154,0.4998746946440076
1655,5155,0.15805679864832173
1656,5156,0.4096941218093846
1657,5157,0.4906160474044778
1658,5158,0.1848498136417159
1659,5159,0.4972861240625145
1660,5160,0.4868853010969962
1661,5161,0.19309517160539508
1662,5162,0.49510643941881993
1663,5163,0.49667430149391056
1664,5164,0.4731623486233218
1665,5165,0.4898002688689017
1666,5166,0.460979051489813
1667,5167,0.08267932287249775
1668,5168,0.4035708832225858
1669,5169,0.49979835072412127
1670,5170,0.49027689732139007
1671,5171,0.4778381251300787
1672,5172,0.2598242226879209
1673,5173,0.4931457716954583
1674,5174,0.49458665741826313
1675,5175,0.49425275804162433
1676,5176,0.26716935633830924
1677,5177,0.3990764993540552
1678,5178,0.4776275000746626
1679,5179,0.4991636256177593
1680,5180,0.456103111654634
1681,5181,0.4997440924645951
1682,5182,0.48508686659360206
1683,5183,0.44235980592556967
1684,5184,0.318652826376549
1685,5185,0.33730568176375786
1686,5186,0.4879013696046182
1687,5187,0.4463912612877378
1688,5188,0.4411822335639746
1689,5189,0.49746283686208725
1690,5190,0.24845493053073409
1691,5191,0.27306751976522636
1692,5192,0.08376778850903145
1693,5193,0.48018136528746286
1694,5194,0.4923854606057648
1695,5195,0.2801852312528437
1696,5196,0.38929487727854895
1697,5197,0.024586406562595708
1698,5198,0.48771872099170094
1699,5199,0.3176613944063944
1700,5200,0.47715673250850016
1701,5201,0.47048861040857964
1702,5202,0.3841669100678709
1703,5203,0.4821646417548639
1704,5204,0.47968561363393125
1705,5205,0.46898626324200304
1706,5206,0.4307497874731147
1707,5207,0.39157382644685423
1708,5208,0.495576253487147
1709,5209,0.488899548753966
1710,5210,0.4097830919289825
1711,5211,0.3951738175546093
1712,5212,0.4203541664006125
1713,5213,0.42047691013001426
1714,5214,0.49649479801272745
1715,5215,0.4913890141912596
1716,5216,0.49559857954295505
1717,5217,0.3522160577999908
1718,5218,0.42826812699646943
1719,5219,0.4931878299173994
1720,5220,0.4993274689864091
1721,5221,0.4988882871714957
1722,5222,0.4895033793897174
1723,5223,0.2894533179564089
1724,5224,0.20489913622279593
1725,5225,0.49611920705015955
1726,5226,0.49723827437071005
1727,5227,0.07346865863645607
1728,5228,0.4690790609980904
1729,5229,0.42196758896443015
1730,5230,0.48436605724148835
1731,5231,0.4951770843941761
1732,5232,0.49217332515975454
1733,5233,0.4931524075174148
1734,5234,0.47334702064049
1735,5235,0.49586842667355097
1736,5236,0.40902811514093385
1737,5237,0.4775603319307865
1738,5238,0.49925976576746456
1739,5239,0.012209396897483774
1740,5240,0.3549910906310124
1741,5241,0.49953680443692966
1742,5242,0.4921890435708641
1743,5243,0.4780594030960418
1744,5244,0.2606408167986333
1745,5245,0.21993307893255118
1746,5246,0.49481395004712975
1747,5247,0.4443223244027753
1748,5248,0.49446807786597313
1749,5249,0.4722318871244219
1750,5250,0.4977366435175333
1751,5251,0.49139866518904357
1752,5252,0.20573149150965128
1753,5253,0.3409011968822166
1754,5254,0.46914015048272456
1755,5255,0.26742125140839
1756,5256,0.44884764640630176
1757,5257,0.49962916337008456
1758,5258,0.49984801360397696
1759,5259,0.38721371976899166
1760,5260,0.3794466963534981
1761,5261,0.4854061572723138
1762,5262,0.27842829651785167
1763,5263,0.28109372816894057
1764,5264,0.49072393499665445
1765,5265,0.4584487821547886
1766,5266,0.4790213817952552
1767,5267,0.3185186495262118
1768,5268,0.47366545924695674
1769,5269,0.2160581934520803
1770,5270,0.4140685213268773
1771,5271,0.4865978537694386
1772,5272,0.49962336212243486
1773,5273,0.49584235074414856
1774,5274,0.29588067317097055
1775,5275,0.4957463748791997
1776,5276,0.4834651237577643
1777,5277,0.02772994542669068
1778,5278,0.3879524789610521
1779,5279,0.4934584446322682
1780,5280,0.4947296029441673
1781,5281,0.4754227261167166
1782,5282,0.4261180676775004
1783,5283,0.25121273953842804
1784,5284,0.43010956277389695
1785,5285,0.21035499627921592
1786,5286,0.4960596637534869
1787,5287,0.4914398303052851
1788,5288,0.4654573324475975
1789,5289,0.49278438070892516
1790,5290,0.39587948153147084
1791,5291,0.4655016954940033
1792,5292,0.41853316648320976
1793,5293,0.49212096031647823
1794,5294,0.4817918565489542
1795,5295,0.0023165357689021527
1796,5296,0.4727957732819546
1797,5297,0.4944346253203382
1798,5298,0.41138298466286494
1799,5299,0.4844272271394474
1800,5300,0.22820080381954946
1801,5301,0.40321236595831433
1802,5302,0.18485002850436952
1803,5303,0.49682005380647004
1804,5304,0.4973635587949867
1805,5305,0.47076778566784094
1806,5306,0.4669882363593501
1807,5307,0.44160181685132305
1808,5308,0.37739605255672193
1809,5309,0.47552418106032546
1810,5310,0.33291270739426004
1811,5311,0.48026972879048135
1812,5312,0.25066581521094133
1813,5313,0.3239260037535207
1814,5314,0.49959602447287066
1815,5315,0.201164028299334
1816,5316,0.4892867950432995
1817,5317,0.28874191749518163
1818,5318,0.49872179000666
1819,5319,0.4444146534168067
1820,5320,0.46367357101140805
1821,5321,0.4977252791720398
1822,5322,0.32581997631168036
1823,5323,0.4992868113776035
1824,5324,0.4851223982400908
1825,5325,0.46275146543344414
1826,5326,0.4322711322142997
1827,5327,0.4802128091222487
1828,5328,0.29506123664634665
1829,5329,0.4977420483956689
1830,5330,0.4563927513965042
1831,5331,0.22044355780236063
1832,5332,0.36190124351735287
1833,5333,0.08627608934639683
1834,5334,0.49714631187810376
1835,5335,0.46535276194211816
1836,5336,0.48921681043404247
1837,5337,0.4638966344886133
1838,5338,0.29552158473376483
1839,5339,0.38742304966543606
1840,5340,0.2430833136542581
1841,5341,0.3306965306682556
1842,5342,0.45327138597137695
1843,5343,0.46636596124133084
1844,5344,0.4972649373254387
1845,5345,0.4628119371513702
1846,5346,0.3863744799078818
1847,5347,0.4995884060149576
1848,5348,0.0885543453071004
1849,5349,0.47697663609272456
1850,5350,0.31285618131763865
1851,5351,0.2061606557501598
1852,5352,0.470582625009836
1853,5353,0.4007703308452012
1854,5354,0.498126521532474
1855,5355,0.49910051366759095
1856,5356,0.4985609907442182
1857,5357,0.4848507614362558
1858,5358,0.4744835401479709
1859,5359,0.310750334711768
1860,5360,0.49770226261318185
1861,5361,0.44670918827399
1862,5362,0.4475047964258701
1863,5363,0.4973422038017995
1864,5364,0.4950871414195067
1865,5365,0.4663616723429854
1866,5366,0.481754619692007
1867,5367,0.4858109115420265
1868,5368,0.4153467710566688
1869,5369,0.3614204789525272
1870,5370,0.45550132823675804
1871,5371,0.45757645033671734
1872,5372,0.48199249775595204
1873,5373,0.48821499997262097
1874,5374,0.43227224733223646
1875,5375,0.08393317283616822
1876,5376,0.44624365178687375
1877,5377,0.4968755331557161
1878,5378,0.4668819371358216
1879,5379,0.22362900993727347
1880,5380,0.49656298927786136
1881,5381,0.4394552234537325
1882,5382,0.43546251042312023
1883,5383,0.15209278666101853
1884,5384,0.48365092627079387
1885,5385,0.3995565717117272
1886,5386,0.4810039747389722
1887,5387,0.4899420780686937
1888,5388,0.3830817489002348
1889,5389,0.4989358352348551
1890,5390,0.48401189408163225
1891,5391,0.36872444428181045
1892,5392,0.49777785073457625
1893,5393,0.20637139888966002
1894,5394,0.40022034221110603
1895,5395,0.47764026896122974
1896,5396,0.49705068061712826
1897,5397,0.3513252089605429
1898,5398,0.019224060369483605
1899,5399,0.3424113159891269
1900,5400,0.15493026075332694
1901,5401,0.4932622853547506
1902,5402,0.4900822773377277
1903,5403,0.009533872726636698
1904,5404,0.4674883921953479
1905,5405,0.26075913383562827
1906,5406,0.48487297587783434
1907,5407,0.21406092207607746
1908,5408,0.01937393894990767
1909,5409,0.39346635591992235
1910,5410,0.4957570163551748
1911,5411,0.49418242829436826
1912,5412,0.4982993664566779
1913,5413,0.11109272623243349
1914,5414,0.043787458508015055
1915,5415,0.4888596324588319
1916,5416,0.4992270055175727
1917,5417,0.4979671740717297
1918,5418,0.4765227912083185
1919,5419,0.4051751897231356
1920,5420,0.4900219426260474
1921,5421,0.13742397287128882
1922,5422,0.4053639654089324
1923,5423,0.3004682213156729
1924,5424,0.49628530818770183
1925,5425,0.3729867586230597
1926,5426,0.47885292081673153
1927,5427,0.4932029946261673
1928,5428,0.43157314187728196
1929,5429,0.4972460935130239
1930,5430,0.3008252709308944
1931,5431,0.4919324372075647
1932,5432,0.3146276482979738
1933,5433,0.4990033146940978
1934,5434,0.48545025754927695
1935,5435,0.20249308741024163
1936,5436,0.27484507358232757
1937,5437,0.4853277558610833
1938,5438,0.4995963895153841
1939,5439,0.49488808158232345
1940,5440,0.4836661341448874
1941,5441,0.38675825252734713
1942,5442,0.4993500503438449
1943,5443,0.36633730460862174
1944,5444,0.4667134677451913
1945,5445,0.396980542902242
1946,5446,0.2699385346062705
1947,5447,0.3863178776416204
1948,5448,0.4956583846554525
1949,5449,0.4787092604148952
1950,5450,0.4966647181527404
1951,5451,0.3624152529582005
1952,5452,0.47145753651332517
1953,5453,0.49222158914915437
1954,5454,0.406703378424106
1955,5455,0.11715711435368674
1956,5456,0.4984233713905779
1957,5457,0.11613263524066271
1958,5458,0.4886919619942828
1959,5459,0.4997338831640629
1960,5460,0.4967637684844072
1961,5461,0.4852832482009568
1962,5462,0.4794294455959538
1963,5463,0.49996303932439773
1964,5464,0.2847105636455574
1965,5465,0.40319557263391675
1966,5466,0.15241749593418485
1967,5467,0.3579858594953564
1968,5468,0.253487609184368
1969,5469,0.48088454185723445
1970,5470,0.37256618812345615
1971,5471,0.4898218303552252
1972,5472,0.3645754821442764
1973,5473,0.48204539224160087
1974,5474,0.3206453854740624
1975,5475,0.30155416743681873
1976,5476,0.4003579817399849
1977,5477,0.4313020936812429
1978,5478,0.4741541484730265
1979,5479,0.15683091108273212
1980,5480,0.348099391695591
1981,5481,0.47412840173822046
1982,5482,0.4825152095363864
1983,5483,0.3953289901146414
1984,5484,0.40093820351246623
1985,5485,0.476290541654412
1986,5486,0.37788513870468565
1987,5487,0.36650882729401746
1988,5488,0.4491287223364313
1989,5489,0.44877974571131407
1990,5490,0.4885721896812334
1991,5491,0.4081613944937804
1992,5492,0.4772630040079943
1993,5493,0.1620493791008032
1994,5494,0.3885843282655506
1995,5495,0.4932497553445194
1996,5496,0.4987936059069417
1997,5497,0.48773384463012015
1998,5498,0.4230163154144696
1999,5499,0.33158232865469045
2000,5500,0.4320827280043883
2001,5501,0.4981183697547761
2002,5502,0.4983022070348331
2003,5503,0.28672035246133565
2004,5504,0.41281779942214053
2005,5505,0.39858954880783865
2006,5506,0.4743172608754771
2007,5507,0.45214150355973165
2008,5508,0.4693388400110004
2009,5509,0.4740979521836251
2010,5510,0.42056516952208256
2011,5511,0.4964886178870629
2012,5512,0.4755887509295952
2013,5513,0.4996825101614888
2014,5514,0.34895473459356563
2015,5515,0.47646271886797403
2016,5516,0.4000209157574747
2017,5517,0.492602431808495
2018,5518,0.48833096467244963
2019,5519,0.4965868275289491
2020,5520,0.48714052156888693
2021,5521,0.07572114945720435
2022,5522,0.4977102354844399
2023,5523,0.4924641411972944
2024,5524,0.416109944576595
2025,5525,0.4973245954864644
2026,5526,0.48773316866134314
2027,5527,0.23356416148492376
2028,5528,0.4858676376015883
2029,5529,0.4537268226480715
2030,5530,0.489612669785355
2031,5531,0.3921103536298945
2032,5532,0.46410662223349447
2033,5533,0.49264904504772256
2034,5534,0.41346658028973343
2035,5535,0.05371444873528284
2036,5536,0.1863760289698527
2037,5537,0.26372498633008373
2038,5538,0.4991225916296071
2039,5539,0.49943583249476053
2040,5540,0.499625417183777
2041,5541,0.49973388316402834
2042,5542,0.4987635662031433
2043,5543,0.23233494899322976
2044,5544,0.4719175194104351
2045,5545,0.4786731697052781
2046,5546,0.4362433251768764
2047,5547,0.4242356829000983
2048,5548,0.2611139445371186
2049,5549,0.131609897192836
2050,5550,0.3240548903365594
2051,5551,0.426613024864769
2052,5552,0.4619058311901179
2053,5553,0.49959629206247397
2054,5554,0.48540530941006327
2055,5555,0.23861080930724024
2056,5556,0.4808895283910978
2057,5557,0.4985603423367656
2058,5558,0.44213328570681293
2059,5559,0.49870290712257426
2060,5560,0.40629157595978105
2061,5561,0.35958650538522974
2062,5562,0.49869708971142823
2063,5563,0.4459259414356539
2064,5564,0.46880808553730163
2065,5565,0.46490916363187523
2066,5566,0.47676111669927757
2067,5567,0.4329286120449695
2068,5568,0.10111014260380845
2069,5569,0.45988398579907364
2070,5570,0.4933844252530202
2071,5571,0.4718979756579973
2072,5572,0.3255264403344275
2073,5573,0.4996319566317174
2074,5574,0.4536972422266712
2075,5575,0.4684334121109382
2076,5576,0.4339976007308924
2077,5577,0.15434706495896636
2078,5578,0.46827223687837727
2079,5579,0.498492773147433
2080,5580,0.4900095419488613
2081,5581,0.24550254989361092
2082,5582,0.46568624620471316
2083,5583,0.4617122422959728
2084,5584,0.49114358005724335
2085,5585,0.4913744409048462
2086,5586,0.4492986617013696
2087,5587,0.4995269034998809
2088,5588,0.39768895795076553
2089,5589,0.4999452008890401
2090,5590,0.4898779769155707
2091,5591,0.4248606158734465
2092,5592,0.43144821668584676
2093,5593,0.4841254256674968
2094,5594,0.44372889645461955
2095,5595,0.47287385370501567
2096,5596,0.4826403277426795
2097,5597,0.49833407300414273
2098,5598,0.01691980250350295
2099,5599,0.49135909450573434
2100,5600,0.49403394824718033
2101,5601,0.4997114883494711
2102,5602,0.2373166999866664
2103,5603,0.49830868595999267
2104,5604,0.49621449802820927
2105,5605,0.4942955980012584
2106,5606,0.4959894192927536
2107,5607,0.29854046671977896
2108,5608,0.47929728144254796
2109,5609,0.4940706869489274
2110,5610,0.48603249977515606
2111,5611,0.3625724485777883
2112,5612,0.4770380357051244
2113,5613,0.377208011887169
2114,5614,0.4986435527447136
2115,5615,0.28329275817375316
2116,5616,0.4974132999774274
2117,5617,0.4104973944750223
2118,5618,0.4312443911192518
2119,5619,0.4875117658924635
2120,5620,0.495162370499402
2121,5621,0.4483149400684603
2122,5622,0.4276174491002065
2123,5623,0.17894255865728312
2124,5624,0.3368716367578784
2125,5625,0.48223091589272327
2126,5626,0.4337101345113753
2127,5627,0.3404783041976765
2128,5628,0.49461400308203785
2129,5629,0.4649173225687508
2130,5630,0.431015411806767
2131,5631,0.1904009535647918
2132,5632,0.4856385348115555
2133,5633,0.44402027693818136
2134,5634,0.21239530991374825
2135,5635,0.24962333752282814
2136,5636,0.4979278485764056
2137,5637,0.33571847206944583
2138,5638,0.4908467893393385
2139,5639,0.3935730695297619
2140,5640,0.4952082462766349
2141,5641,0.4944117786280578
2142,5642,0.31562893214428206
2143,5643,0.29930687326656835
2144,5644,0.49480968472505205
2145,5645,0.44124550945170543
2146,5646,0.48886644947814395
2147,5647,0.49153245375343013
2148,5648,0.4125375323391933
2149,5649,0.4816067660228145
2150,5650,0.2385926220041841
2151,5651,0.4554509673926833
2152,5652,0.4756629149417599
2153,5653,0.4986738540878171
2154,5654,0.45678514608651943
2155,5655,0.4950947402660912
2156,5656,0.4887519446980355
2157,5657,0.4480562606265915
2158,5658,0.1957193899247445
2159,5659,0.4964518347554335
2160,5660,0.0009329263471799408
2161,5661,0.44516363022931205
2162,5662,0.4850873020798168
2163,5663,0.4905588728592125
2164,5664,0.4505461001985993
2165,5665,0.4717995617174772
2166,5666,0.49967510882893235
2167,5667,0.4925315702030867
2168,5668,0.039341206165675206
2169,5669,0.37224693570147405
2170,5670,0.06892498404820856
2171,5671,0.48988689129780266
2172,5672,0.4841329372561419
2173,5673,0.2969028647421783
2174,5674,0.3900598481489496
2175,5675,0.4015176147975115
2176,5676,0.12974637096247768
2177,5677,0.46161365041796626
2178,5678,0.49733398011468866
2179,5679,0.4555596804543645
2180,5680,0.4126015664196567
2181,5681,0.4620867066357025
2182,5682,0.305704280634469
2183,5683,0.16990578032804224
2184,5684,0.4961033227330541
2185,5685,0.4437799136115142
2186,5686,0.48369631898011967
2187,5687,0.4949638573520495
2188,5688,0.4930393034311715
2189,5689,0.4987109286613485
2190,5690,0.484479114299808
2191,5691,0.3892720507297429
2192,5692,0.49799125809692557
2193,5693,0.46740979175600955
2194,5694,0.37720157401952786
2195,5695,0.48530328474481854
2196,5696,0.4999064791425224
2197,5697,0.2261506033569554
2198,5698,0.4894811470896467
2199,5699,0.472567690040246
2200,5700,0.49763366778158624
2201,5701,0.4228430455598423
2202,5702,0.48192378429074495
2203,5703,0.4432560967836362
2204,5704,0.05528510257760536
2205,5705,0.4532229151683935
2206,5706,0.4986500692059224
2207,5707,0.4359695080125617
2208,5708,0.4996677149101277
2209,5709,0.493316989699245
2210,5710,0.48842988439877205
2211,5711,0.49075002533422707
2212,5712,0.3546689540871494
2213,5713,0.4725732341057381
2214,5714,0.45204112549997283
2215,5715,0.49922071361462805
2216,5716,0.4376851462537178
2217,5717,0.42591070160652716
2218,5718,0.40005108962316316
2219,5719,0.49303264897059307
2220,5720,0.17052586435184744
2221,5721,0.4989038143047065
2222,5722,0.19140627627589638
2223,5723,0.2820791533645409
2224,5724,0.1688338305225478
2225,5725,0.33036011868392895
2226,5726,0.34595320021275366
2227,5727,0.0008093876969099608
2228,5728,0.37324605284235396
2229,5729,0.19327663677021392
2230,5730,0.3558188737349202
2231,5731,0.4133363032492949
2232,5732,0.4931878299175962
2233,5733,0.4869630390209557
2234,5734,0.4999201649424818
2235,5735,0.3098551572131339
2236,5736,0.3924250061981542
2237,5737,0.4984500457332373
2238,5738,0.4787574209400199
2239,5739,0.3102951213808663
2240,5740,0.29763792893271823
2241,5741,0.4343818655149668
2242,5742,0.4981889348417588
2243,5743,0.4174926974974953
2244,5744,0.3584576664817133
2245,5745,0.42056143244894606
2246,5746,0.4466123134163721
2247,5747,0.2772117140898021
2248,5748,0.20566482979067902
2249,5749,0.3802491203156274
2250,5750,0.39414614705328666
2251,5751,0.49335323656556507
2252,5752,0.48794598360903274
2253,5753,0.45952272355530405
2254,5754,0.4968033437672944
2255,5755,0.3953072340029848
2256,5756,0.34158746749885976
2257,5757,0.4987231546407684
2258,5758,0.46312314411800815
2259,5759,0.4988584523724532
2260,5760,0.4630750129993617
2261,5761,0.15375466959352097
2262,5762,0.41832251064575016
2263,5763,0.2999048570642829
2264,5764,0.4333217552171673
2265,5765,0.361095336384082
2266,5766,0.2885741144637335
2267,5767,0.32134560034466997
2268,5768,0.48511572507623246
2269,5769,0.4974864518136046
2270,5770,0.49975146725790465
2271,5771,0.4945225909952919
2272,5772,0.17145078830919097
2273,5773,0.2284213387163478
2274,5774,0.49260840351853186
2275,5775,0.496167992239008
2276,5776,0.49329569761980274
2277,5777,0.4991362038741854
2278,5778,0.496519705991237
2279,5779,0.49277416640430827
2280,5780,0.4998627228539103
2281,5781,0.4931224997860442
2282,5782,0.49946628805416576
2283,5783,0.352965604536734
2284,5784,0.3294252527929336
2285,5785,0.25439537150262836
2286,5786,0.4970431804630269
2287,5787,0.4994234137243923
2288,5788,0.4664267284244545
2289,5789,0.15705295244228998
2290,5790,0.4201670124103918
2291,5791,0.45192616494235455
2292,5792,0.4478173045163628
2293,5793,0.4934870083913824
2294,5794,0.47868935641926963
2295,5795,0.48829298926156983
2296,5796,0.34223796593745054
2297,5797,0.49981588382873
2298,5798,0.43595381475005
2299,5799,0.49640748420694375
2300,5800,0.3824688665376526
2301,5801,0.328400941269037
2302,5802,0.4975975746086419
2303,5803,0.142806359121579
2304,5804,0.4996381463843674
2305,5805,0.4996870466128002
2306,5806,0.47863589184759836
2307,5807,0.4965456128030958
2308,5808,0.4689961529129166
2309,5809,0.4335267397289566
2310,5810,0.41495601157349166
2311,5811,0.4724770040354136
2312,5812,0.4454794919287199
2313,5813,0.2657433664832553
2314,5814,0.4921520727045802
2315,5815,0.48625302565032036
2316,5816,0.25867987440937645
2317,5817,0.497826725992482
2318,5818,0.4945039752476215
2319,5819,0.49854286647113005
2320,5820,0.49991499982532583
2321,5821,0.4856889033081842
2322,5822,0.49657246852785114
2323,5823,0.3328176713130298
2324,5824,0.46028760528134105
2325,5825,0.38169579599651327
2326,5826,0.49898705735450855
2327,5827,0.4804207126656512
2328,5828,0.4187124353639143
2329,5829,0.2753987299896987
2330,5830,0.4629733125135268
2331,5831,0.4683147002999227
2332,5832,0.3937190454694508
2333,5833,0.4523212643795071
2334,5834,0.47800656000028613
2335,5835,0.4013921173890444
2336,5836,0.49793984380053014
2337,5837,0.49373998141047937
2338,5838,0.4961578485535242
2339,5839,0.44872465704778924
2340,5840,0.49807315524298307
2341,5841,0.47411179504300593
2342,5842,0.4677167109638191
2343,5843,0.49823353566723844
2344,5844,0.2813519811613302
2345,5845,0.4915808883912271
2346,5846,0.22388190417661277
2347,5847,0.4333705531621736
2348,5848,0.4984353438423902
2349,5849,0.26244880786243935
2350,5850,0.40410523710042545
2351,5851,0.4890687220291044
2352,5852,0.27308802227375384
2353,5853,0.40779506812800037
2354,5854,0.4228974205210784
2355,5855,0.49939417954054066
2356,5856,0.4534436903822699
2357,5857,0.09289847899933922
2358,5858,0.22405573300900386
2359,5859,0.49274443428567727
2360,5860,0.4716523884704174
2361,5861,0.1970804298538757
2362,5862,0.13115075260608947
2363,5863,0.20232931395180648
2364,5864,0.4891970452088351
2365,5865,0.46409634229576574
2366,5866,0.4795726162114083
2367,5867,0.28197924002914265
2368,5868,0.48131448144155986
2369,5869,0.4989005562262106
2370,5870,0.4639368890140952
2371,5871,0.49675233468711283
2372,5872,0.4597061053657551
2373,5873,0.46148078398268244
2374,5874,0.30026733780339604
2375,5875,0.4563899372219058
2376,5876,0.4999354198459386
2377,5877,0.4983367757567317
2378,5878,0.46227634391287314
2379,5879,0.48969476532358164
2380,5880,0.49035446059218735
2381,5881,0.49788586198564516
2382,5882,0.47295378397247906
2383,5883,0.432201764796745
2384,5884,0.26628155214743804
2385,5885,0.3758924681072222
2386,5886,0.20965407419593765
2387,5887,0.49183943151123144
2388,5888,0.3705949106788281
2389,5889,0.48935020876287433
2390,5890,0.4988719621107091
2391,5891,0.4874505161531556
2392,5892,0.4981741507677282
2393,5893,0.34370433478785356
2394,5894,0.4597119393092194
2395,5895,0.499321170483814
2396,5896,0.47521673468233544
2397,5897,0.36258063822591824
2398,5898,0.07934134824827048
2399,5899,0.39448210924476035
2400,5900,0.23968696532275108
2401,5901,0.3821694990554766
2402,5902,0.4355867656927979
2403,5903,0.4033185389073573
2404,5904,0.22474655718806855
2405,5905,0.4769987225492216
2406,5906,0.42621799972221425
2407,5907,0.48592655339064716
2408,5908,0.49887456650694983
2409,5909,0.28723371144088966
2410,5910,0.48029070259764906
2411,5911,0.40478190619600285
2412,5912,0.4359624759486127
2413,5913,0.49584392447955744
2414,5914,0.45902611786578296
2415,5915,0.49880381681656905
2416,5916,0.4039744293200869
2417,5917,0.4990066474915559
2418,5918,0.4975895358042206
2419,5919,0.4986871598385381
2420,5920,0.3879276405623445
2421,5921,0.1616712371281446
2422,5922,0.49268831241518457
2423,5923,0.49942731184003164
2424,5924,0.48998891026088365
2425,5925,0.19978702720438057
2426,5926,0.4788996891794402
2427,5927,0.49977232225678647
2428,5928,0.39114507301900664
2429,5929,0.16447262561295103
2430,5930,0.49493300751903496
2431,5931,0.38491462605766685
2432,5932,0.4996677149101818
2433,5933,0.040752680777527396
2434,5934,0.4857037919064966
2435,5935,0.46847144455840206
2436,5936,0.4381144905610759
2437,5937,0.17682996681423502
2438,5938,0.39443851846700473
2439,5939,0.47899556446397795
2440,5940,0.4782281914143313
2441,5941,0.47199287621961356
2442,5942,0.32081996198432494
2443,5943,0.49879341114303816
2444,5944,0.22602097462511733
2445,5945,0.18157945625600241
2446,5946,0.09698691672068979
2447,5947,0.15997002375245029
2448,5948,0.49928592024298846
2449,5949,0.44678150955638996
2450,5950,0.4800289034577773
2451,5951,0.4964426458353754
2452,5952,0.47930874035976984
2453,5953,0.36249386654290683
2454,5954,0.1930951639502785
2455,5955,0.4996131153339467
2456,5956,0.40696757061544997
2457,5957,0.49075657268880885
2458,5958,0.36222555674613405
2459,5959,0.3988898161065786
2460,5960,0.49938034307710877
2461,5961,0.3838409920790033
2462,5962,0.49125451786407714
2463,5963,0.2629007966067471
2464,5964,0.49767402081023665
2465,5965,0.2459595264039023
2466,5966,0.48448150232130127
2467,5967,0.4978008540146112
2468,5968,0.49954803458490377
2469,5969,0.4992620944791952
2470,5970,0.43414121069717393
2471,5971,0.49847308123352124
2472,5972,0.4239396764635354
2473,5973,0.4899611252014831
2474,5974,0.4967485828682292
2475,5975,0.48528373127282
2476,5976,0.33013498442348443
2477,5977,0.4239414841207579
2478,5978,0.4992903555150769
2479,5979,0.3076536119949385
2480,5980,0.42397390371219434
2481,5981,0.49939942527062886
